{
    "name": "root",
    "gauges": {
        "DMWalker.Policy.Entropy.mean": {
            "value": 1.038483738899231,
            "min": 1.038483738899231,
            "max": 1.1756013631820679,
            "count": 196
        },
        "DMWalker.Policy.Entropy.sum": {
            "value": 52588.81640625,
            "min": 19987.326171875,
            "max": 60373.515625,
            "count": 196
        },
        "DMWalker.Environment.EpisodeLength.mean": {
            "value": 74.0,
            "min": 73.91666666666667,
            "max": 74.0,
            "count": 196
        },
        "DMWalker.Environment.EpisodeLength.sum": {
            "value": 49654.0,
            "min": 15079.0,
            "max": 49876.0,
            "count": 196
        },
        "DMWalker.Step.mean": {
            "value": 29999988.0,
            "min": 20249959.0,
            "max": 29999988.0,
            "count": 196
        },
        "DMWalker.Step.sum": {
            "value": 29999988.0,
            "min": 20249959.0,
            "max": 29999988.0,
            "count": 196
        },
        "DMWalker.Policy.ExtrinsicValueEstimate.mean": {
            "value": 90.9432144165039,
            "min": 60.0358772277832,
            "max": 91.42582702636719,
            "count": 196
        },
        "DMWalker.Policy.ExtrinsicValueEstimate.sum": {
            "value": 60659.125,
            "min": 12421.072265625,
            "max": 60889.6015625,
            "count": 196
        },
        "DMWalker.Environment.CumulativeReward.mean": {
            "value": 35.0324832310026,
            "min": 25.57323401989323,
            "max": 35.21134733938956,
            "count": 196
        },
        "DMWalker.Environment.CumulativeReward.sum": {
            "value": 23366.666315078735,
            "min": 5165.793272018433,
            "max": 23450.757328033447,
            "count": 196
        },
        "DMWalker.Policy.ExtrinsicReward.mean": {
            "value": 35.0324832310026,
            "min": 25.57323401989323,
            "max": 35.21134733938956,
            "count": 196
        },
        "DMWalker.Policy.ExtrinsicReward.sum": {
            "value": 23366.666315078735,
            "min": 5165.793272018433,
            "max": 23450.757328033447,
            "count": 196
        },
        "DMWalker.IsTraining.mean": {
            "value": 1.0,
            "min": 1.0,
            "max": 1.0,
            "count": 196
        },
        "DMWalker.IsTraining.sum": {
            "value": 1.0,
            "min": 1.0,
            "max": 1.0,
            "count": 196
        },
        "DMWalker.Losses.PolicyLoss.mean": {
            "value": 0.019130693793865953,
            "min": 0.012000240940930478,
            "max": 0.020453985108664103,
            "count": 195
        },
        "DMWalker.Losses.PolicyLoss.sum": {
            "value": 0.05739208138159786,
            "min": 0.024000481881860956,
            "max": 0.05739208138159786,
            "count": 195
        },
        "DMWalker.Losses.ValueLoss.mean": {
            "value": 0.7765587945779164,
            "min": 0.5761240527033806,
            "max": 11.380968321694269,
            "count": 195
        },
        "DMWalker.Losses.ValueLoss.sum": {
            "value": 2.3296763837337493,
            "min": 1.1522481054067613,
            "max": 34.142904965082806,
            "count": 195
        },
        "DMWalker.Policy.LearningRate.mean": {
            "value": 2.8071990645999815e-07,
            "min": 2.8071990645999815e-07,
            "max": 9.723797758736336e-05,
            "count": 195
        },
        "DMWalker.Policy.LearningRate.sum": {
            "value": 8.421597193799944e-07,
            "min": 8.421597193799944e-07,
            "max": 0.0002917139327620901,
            "count": 195
        },
        "DMWalker.Policy.Epsilon.mean": {
            "value": 0.10009354,
            "min": 0.10009354,
            "max": 0.13241263666666667,
            "count": 195
        },
        "DMWalker.Policy.Epsilon.sum": {
            "value": 0.30028062,
            "min": 0.20053258,
            "max": 0.39723791,
            "count": 195
        },
        "DMWalker.Policy.Beta.mean": {
            "value": 1.4667645999999967e-05,
            "min": 1.4667645999999967e-05,
            "max": 0.0016273905696666667,
            "count": 195
        },
        "DMWalker.Policy.Beta.sum": {
            "value": 4.40029379999999e-05,
            "min": 4.40029379999999e-05,
            "max": 0.0048821717090000005,
            "count": 195
        }
    },
    "metadata": {
        "timer_format_version": "0.1.0",
        "start_time_seconds": "1764496144",
        "python_version": "3.10.12 | packaged by Anaconda, Inc. | (main, Jul  5 2023, 19:01:18) [MSC v.1916 64 bit (AMD64)]",
        "command_line_arguments": "C:\\Users\\johan\\miniconda3\\envs\\mlagents\\Scripts\\mlagents-learn config/DMWalker.yaml --env=C:/Users/johan/UnityDeepMimic/Builds/UnityDeepMimic.exe --run-id=DMlkerStill --no-graphics-monitor --num-envs=6 --width=1920 --height=1080 --quality-level=1 --resume",
        "mlagents_version": "1.2.0.dev0",
        "mlagents_envs_version": "1.2.0.dev0",
        "communication_protocol_version": "1.5.0",
        "pytorch_version": "2.2.2+cu121",
        "numpy_version": "1.23.5",
        "end_time_seconds": "1764500708"
    },
    "total": 4564.324725300074,
    "count": 1,
    "self": 0.30683290015440434,
    "children": {
        "run_training.setup": {
            "total": 0.3481867000227794,
            "count": 1,
            "self": 0.3481867000227794
        },
        "TrainerController.start_learning": {
            "total": 4563.669705699896,
            "count": 1,
            "self": 3.871296675526537,
            "children": {
                "TrainerController._reset_env": {
                    "total": 5.792073899996467,
                    "count": 1,
                    "self": 5.792073899996467
                },
                "TrainerController.advance": {
                    "total": 4553.931115124375,
                    "count": 271467,
                    "self": 3.2861183434724808,
                    "children": {
                        "env_step": {
                            "total": 2933.6797453670297,
                            "count": 271467,
                            "self": 400.02047843148466,
                            "children": {
                                "SubprocessEnvManager._take_step": {
                                    "total": 2528.769836644642,
                                    "count": 822623,
                                    "self": 33.11242472450249,
                                    "children": {
                                        "TorchPolicy.evaluate": {
                                            "total": 2495.6574119201396,
                                            "count": 814018,
                                            "self": 2495.6574119201396
                                        }
                                    }
                                },
                                "workers": {
                                    "total": 4.889430290902965,
                                    "count": 271467,
                                    "self": 0.0,
                                    "children": {
                                        "worker_root": {
                                            "total": 27347.056364277145,
                                            "count": 822622,
                                            "is_parallel": true,
                                            "self": 20812.726927238982,
                                            "children": {
                                                "steps_from_proto": {
                                                    "total": 0.00276190007571131,