{
    "name": "root",
    "gauges": {
        "DMWalker.Policy.Entropy.mean": {
            "value": -0.5754690766334534,
            "min": -0.5754690766334534,
            "max": -0.5631139278411865,
            "count": 16
        },
        "DMWalker.Policy.Entropy.sum": {
            "value": -28520.24609375,
            "min": -29122.20703125,
            "max": -19724.75390625,
            "count": 16
        },
        "DMWalker.Environment.EpisodeLength.mean": {
            "value": 74.0,
            "min": 73.91228070175438,
            "max": 74.0,
            "count": 16
        },
        "DMWalker.Environment.EpisodeLength.sum": {
            "value": 48840.0,
            "min": 33704.0,
            "max": 49802.0,
            "count": 16
        },
        "DMWalker.Step.mean": {
            "value": 22099984.0,
            "min": 21349984.0,
            "max": 22099984.0,
            "count": 16
        },
        "DMWalker.Step.sum": {
            "value": 22099984.0,
            "min": 21349984.0,
            "max": 22099984.0,
            "count": 16
        },
        "DMWalker.Policy.ExtrinsicValueEstimate.mean": {
            "value": 154.56837463378906,
            "min": 151.24903869628906,
            "max": 162.60487365722656,
            "count": 16
        },
        "DMWalker.Policy.ExtrinsicValueEstimate.sum": {
            "value": 103097.1015625,
            "min": 72846.984375,
            "max": 107989.7421875,
            "count": 16
        },
        "DMWalker.Environment.CumulativeReward.mean": {
            "value": 57.31508001073011,
            "min": 52.48018303939274,
            "max": 57.31508001073011,
            "count": 16
        },
        "DMWalker.Environment.CumulativeReward.sum": {
            "value": 38229.15836715698,
            "min": 23511.12200164795,
            "max": 38229.15836715698,
            "count": 16
        },
        "DMWalker.Policy.ExtrinsicReward.mean": {
            "value": 57.31508001073011,
            "min": 52.48018303939274,
            "max": 57.31508001073011,
            "count": 16
        },
        "DMWalker.Policy.ExtrinsicReward.sum": {
            "value": 38229.15836715698,
            "min": 23511.12200164795,
            "max": 38229.15836715698,
            "count": 16
        },
        "DMWalker.Losses.PolicyLoss.mean": {
            "value": 0.012450432651288187,
            "min": 0.012450432651288187,
            "max": 0.018575221451141665,
            "count": 16
        },
        "DMWalker.Losses.PolicyLoss.sum": {
            "value": 0.024900865302576375,
            "min": 0.016842566597430657,
            "max": 0.05572566435342499,
            "count": 16
        },
        "DMWalker.Losses.ValueLoss.mean": {
            "value": 0.13303044214844703,
            "min": 0.13303044214844703,
            "max": 25.36570952733358,
            "count": 16
        },
        "DMWalker.Losses.ValueLoss.sum": {
            "value": 0.26606088429689406,
            "min": 0.26606088429689406,
            "max": 25.36570952733358,
            "count": 16
        },
        "DMWalker.Policy.LearningRate.mean": {
            "value": 7.928035857323832e-05,
            "min": 7.928035857323832e-05,
            "max": 8.66292311236133e-05,
            "count": 16
        },
        "DMWalker.Policy.LearningRate.sum": {
            "value": 0.00015856071714647664,
            "min": 8.66292311236133e-05,
            "max": 0.00025864569378483996,
            "count": 16
        },
        "DMWalker.Policy.Epsilon.mean": {
            "value": 0.12642676166666666,
            "min": 0.12642676166666666,
            "max": 0.12887638666666668,
            "count": 16
        },
        "DMWalker.Policy.Epsilon.sum": {
            "value": 0.25285352333333333,
            "min": 0.12887638666666668,
            "max": 0.38621516,
            "count": 16
        },
        "DMWalker.Policy.Beta.mean": {
            "value": 0.0013286954071666667,
            "min": 0.0013286954071666667,
            "max": 0.0014509316946666668,
            "count": 16
        },
        "DMWalker.Policy.Beta.sum": {
            "value": 0.0026573908143333333,
            "min": 0.0014509316946666668,
            "max": 0.004332136484,
            "count": 16
        },
        "DMWalker.IsTraining.mean": {
            "value": 1.0,
            "min": 1.0,
            "max": 1.0,
            "count": 16
        },
        "DMWalker.IsTraining.sum": {
            "value": 1.0,
            "min": 1.0,
            "max": 1.0,
            "count": 16
        }
    },
    "metadata": {
        "timer_format_version": "0.1.0",
        "start_time_seconds": "1764526284",
        "python_version": "3.10.12 | packaged by Anaconda, Inc. | (main, Jul  5 2023, 19:01:18) [MSC v.1916 64 bit (AMD64)]",
        "command_line_arguments": "C:\\Users\\johan\\miniconda3\\envs\\mlagents\\Scripts\\mlagents-learn config/DMWalker.yaml --env=C:/Users/johan/UnityDeepMimic/Builds/UnityDeepMimic.exe --run-id=DMlkerStill2 --no-graphics-monitor --num-envs=4 --width=1920 --height=1080 --quality-level=1 --resume",
        "mlagents_version": "1.2.0.dev0",
        "mlagents_envs_version": "1.2.0.dev0",
        "communication_protocol_version": "1.5.0",
        "pytorch_version": "2.2.2+cu121",
        "numpy_version": "1.23.5",
        "end_time_seconds": "1764526819"
    },
    "total": 535.4147473999765,
    "count": 1,
    "self": 4.31877649971284,
    "children": {
        "run_training.setup": {
            "total": 0.29454060015268624,
            "count": 1,
            "self": 0.29454060015268624
        },
        "TrainerController.start_learning": {
            "total": 530.801430300111,
            "count": 1,
            "self": 0.6821040955837816,
            "children": {
                "TrainerController._reset_env": {
                    "total": 6.836760499980301,
                    "count": 1,
                    "self": 6.836760499980301
                },
                "TrainerController.advance": {
                    "total": 523.172592304647,
                    "count": 42804,
                    "self": 0.6491343651432544,
                    "children": {
                        "env_step": {
                            "total": 331.7382863070816,
                            "count": 42804,
                            "self": 46.14944146433845,
                            "children": {
                                "SubprocessEnvManager._take_step": {
                                    "total": 285.0574695749674,
                                    "count": 68779,
                                    "self": 3.298659052932635,
                                    "children": {
                                        "TorchPolicy.evaluate": {
                                            "total": 281.75881052203476,
                                            "count": 68318,
                                            "self": 281.75881052203476
                                        }
                                    }
                                },
                                "workers": {
                                    "total": 0.5313752677757293,
                                    "count": 42803,
                                    "self": 0.0,
                                    "children": {
                                        "worker_root": {
                                            "total": 2106.3319649870973,
                                            "count": 68775,
                                            "is_parallel": true,
                                            "self": 1521.869332300732,
                                            "children": {
                                                "steps_from_proto": {
                                                    "total": 0.002489800099283457,