{
    "name": "root",
    "gauges": {
        "DMWalker.Policy.Entropy.mean": {
            "value": 1.3937525749206543,
            "min": 1.3937525749206543,
            "max": 1.3963812589645386,
            "count": 4
        },
        "DMWalker.Policy.Entropy.sum": {
            "value": 69754.53125,
            "min": 17985.390625,
            "max": 69831.578125,
            "count": 4
        },
        "DMWalker.Environment.EpisodeLength.mean": {
            "value": 25.360569319978914,
            "min": 24.881469979296067,
            "max": 25.51063829787234,
            "count": 4
        },
        "DMWalker.Environment.EpisodeLength.sum": {
            "value": 48109.0,
            "min": 11990.0,
            "max": 48109.0,
            "count": 4
        },
        "DMWalker.Step.mean": {
            "value": 949997.0,
            "min": 799977.0,
            "max": 949997.0,
            "count": 4
        },
        "DMWalker.Step.sum": {
            "value": 949997.0,
            "min": 799977.0,
            "max": 949997.0,
            "count": 4
        },
        "DMWalker.Policy.ExtrinsicValueEstimate.mean": {
            "value": 4.702259063720703,
            "min": 4.592548370361328,
            "max": 7.299206733703613,
            "count": 4
        },
        "DMWalker.Policy.ExtrinsicValueEstimate.sum": {
            "value": 8920.185546875,
            "min": 3423.327880859375,
            "max": 11160.04296875,
            "count": 4
        },
        "DMWalker.Environment.CumulativeReward.mean": {
            "value": 8.370364559783896,
            "min": 7.884534908809524,
            "max": 8.370364559783896,
            "count": 4
        },
        "DMWalker.Environment.CumulativeReward.sum": {
            "value": 15878.58156991005,
            "min": 3921.9640805721283,
            "max": 15878.58156991005,
            "count": 4
        },
        "DMWalker.Policy.ExtrinsicReward.mean": {
            "value": 8.370364559783896,
            "min": 7.884534908809524,
            "max": 8.370364559783896,
            "count": 4
        },
        "DMWalker.Policy.ExtrinsicReward.sum": {
            "value": 15878.58156991005,
            "min": 3921.9640805721283,
            "max": 15878.58156991005,
            "count": 4
        },
        "DMWalker.IsTraining.mean": {
            "value": 1.0,
            "min": 1.0,
            "max": 1.0,
            "count": 4
        },
        "DMWalker.IsTraining.sum": {
            "value": 1.0,
            "min": 1.0,
            "max": 1.0,
            "count": 4
        },
        "DMWalker.Losses.PolicyLoss.mean": {
            "value": 0.018604837817838414,
            "min": 0.01586286433424296,
            "max": 0.018604837817838414,
            "count": 3
        },
        "DMWalker.Losses.PolicyLoss.sum": {
            "value": 0.03720967563567683,
            "min": 0.03351178831179216,
            "max": 0.047588593002728885,
            "count": 3
        },
        "DMWalker.Losses.ValueLoss.mean": {
            "value": 8.246246441205344,
            "min": 7.9590833266576135,
            "max": 10.050777949227227,
            "count": 3
        },
        "DMWalker.Losses.ValueLoss.sum": {
            "value": 16.492492882410687,
            "min": 15.918166653315227,
            "max": 30.15233384768168,
            "count": 3
        },
        "DMWalker.Policy.LearningRate.mean": {
            "value": 0.0002907919130693634,
            "min": 0.0002907919130693634,
            "max": 0.0002917144794285078,
            "count": 3
        },
        "DMWalker.Policy.LearningRate.sum": {
            "value": 0.0005815838261387268,
            "min": 0.0005815838261387268,
            "max": 0.0008751434382855234,
            "count": 3
        },
        "DMWalker.Policy.Epsilon.mean": {
            "value": 0.19693063666666666,
            "min": 0.19693063666666666,
            "max": 0.19723815888888888,
            "count": 3
        },
        "DMWalker.Policy.Epsilon.sum": {
            "value": 0.3938612733333333,
            "min": 0.3938612733333333,
            "max": 0.5917144766666667,
            "count": 3
        },
        "DMWalker.Policy.Beta.mean": {
            "value": 0.004846838769666667,
            "min": 0.004846838769666667,
            "max": 0.004862184128555556,
            "count": 3
        },
        "DMWalker.Policy.Beta.sum": {
            "value": 0.009693677539333334,
            "min": 0.009693677539333334,
            "max": 0.014586552385666668,
            "count": 3
        }
    },
    "metadata": {
        "timer_format_version": "0.1.0",
        "start_time_seconds": "1764448290",
        "python_version": "3.10.12 | packaged by Anaconda, Inc. | (main, Jul  5 2023, 19:01:18) [MSC v.1916 64 bit (AMD64)]",
        "command_line_arguments": "C:\\Users\\johan\\miniconda3\\envs\\mlagents\\Scripts\\mlagents-learn config/DMWalker.yaml --env=C:/Users/johan/UnityDeepMimic/Builds/UnityDeepMimic.exe --run-id=DMlker1 --no-graphics-monitor --num-envs=4 --width=1920 --height=1080 --quality-level=1 --resume",
        "mlagents_version": "1.2.0.dev0",
        "mlagents_envs_version": "1.2.0.dev0",
        "communication_protocol_version": "1.5.0",
        "pytorch_version": "2.2.2+cu121",
        "numpy_version": "1.23.5",
        "end_time_seconds": "1764448434"
    },
    "total": 143.94124569999985,
    "count": 1,
    "self": 10.00432860001456,
    "children": {
        "run_training.setup": {
            "total": 0.2260600000154227,
            "count": 1,
            "self": 0.2260600000154227
        },
        "TrainerController.start_learning": {
            "total": 133.71085709996987,
            "count": 1,
            "self": 0.16873899439815432,
            "children": {
                "TrainerController._reset_env": {
                    "total": 6.057586200069636,
                    "count": 1,
                    "self": 6.057586200069636
                },
                "TrainerController.advance": {
                    "total": 127.36667550553102,
                    "count": 13924,
                    "self": 0.15332782128825784,
                    "children": {
                        "env_step": {
                            "total": 83.28748048946727,
                            "count": 13924,
                            "self": 10.376290375599638,
                            "children": {
                                "SubprocessEnvManager._take_step": {
                                    "total": 72.73427971580531,
                                    "count": 26712,
                                    "self": 0.867257620440796,
                                    "children": {
                                        "TorchPolicy.evaluate": {
                                            "total": 71.86702209536452,
                                            "count": 23503,
                                            "self": 71.86702209536452
                                        }
                                    }
                                },
                                "workers": {
                                    "total": 0.17691039806231856,
                                    "count": 13923,
                                    "self": 0.0,
                                    "children": {
                                        "worker_root": {
                                            "total": 519.2813673934434,
                                            "count": 26708,
                                            "is_parallel": true,
                                            "self": 387.52246938995086,
                                            "children": {
                                                "steps_from_proto": {
                                                    "total": 0.0016447999514639378,