{
    "name": "root",
    "gauges": {
        "DMWalker.Policy.Entropy.mean": {
            "value": 1.515555739402771,
            "min": 1.3291382789611816,
            "max": 1.526685357093811,
            "count": 231
        },
        "DMWalker.Policy.Entropy.sum": {
            "value": 76129.3984375,
            "min": 42154.02734375,
            "max": 76806.0859375,
            "count": 231
        },
        "DMWalker.Environment.EpisodeLength.mean": {
            "value": 74.0,
            "min": 70.56038647342996,
            "max": 74.0,
            "count": 231
        },
        "DMWalker.Environment.EpisodeLength.sum": {
            "value": 49284.0,
            "min": 29212.0,
            "max": 49475.0,
            "count": 231
        },
        "DMWalker.Step.mean": {
            "value": 13799938.0,
            "min": 2299987.0,
            "max": 13799938.0,
            "count": 231
        },
        "DMWalker.Step.sum": {
            "value": 13799938.0,
            "min": 2299987.0,
            "max": 13799938.0,
            "count": 231
        },
        "DMWalker.Policy.ExtrinsicValueEstimate.mean": {
            "value": 37.15827178955078,
            "min": 18.758865356445312,
            "max": 37.15827178955078,
            "count": 231
        },
        "DMWalker.Policy.ExtrinsicValueEstimate.sum": {
            "value": 24747.41015625,
            "min": 7747.4111328125,
            "max": 24760.615234375,
            "count": 231
        },
        "DMWalker.Environment.CumulativeReward.mean": {
            "value": 14.249154789669735,
            "min": 12.425817450368664,
            "max": 14.253284368557908,
            "count": 231
        },
        "DMWalker.Environment.CumulativeReward.sum": {
            "value": 9489.937089920044,
            "min": 5131.862607002258,
            "max": 9513.209843635559,
            "count": 231
        },
        "DMWalker.Policy.ExtrinsicReward.mean": {
            "value": 14.249154789669735,
            "min": 12.425817450368664,
            "max": 14.253284368557908,
            "count": 231
        },
        "DMWalker.Policy.ExtrinsicReward.sum": {
            "value": 9489.937089920044,
            "min": 5131.862607002258,
            "max": 9513.209843635559,
            "count": 231
        },
        "DMWalker.Losses.PolicyLoss.mean": {
            "value": 0.015207117704024617,
            "min": 0.01368974606189618,
            "max": 0.020416489947820082,
            "count": 231
        },
        "DMWalker.Losses.PolicyLoss.sum": {
            "value": 0.045621353112073854,
            "min": 0.01790601250443918,
            "max": 0.05883552996674553,
            "count": 231
        },
        "DMWalker.Losses.ValueLoss.mean": {
            "value": 0.13663837031150858,
            "min": 0.006022156371424595,
            "max": 6.722625096638998,
            "count": 231
        },
        "DMWalker.Losses.ValueLoss.sum": {
            "value": 0.40991511093452576,
            "min": 0.01204431274284919,
            "max": 18.522098525365195,
            "count": 231
        },
        "DMWalker.Policy.LearningRate.mean": {
            "value": 0.00016226616591129335,
            "min": 0.00016226616591129335,
            "max": 0.00027709002763665996,
            "count": 231
        },
        "DMWalker.Policy.LearningRate.sum": {
            "value": 0.00048679849773388003,
            "min": 0.00027709002763665996,
            "max": 0.0008288036537321233,
            "count": 231
        },
        "DMWalker.Policy.Epsilon.mean": {
            "value": 0.15408870666666666,
            "min": 0.15408870666666666,
            "max": 0.19236334,
            "count": 231
        },
        "DMWalker.Policy.Epsilon.sum": {
            "value": 0.46226612,
            "min": 0.19236334,
            "max": 0.5762678766666666,
            "count": 231
        },
        "DMWalker.Policy.Beta.mean": {
            "value": 0.0027090264626666674,
            "min": 0.0027090264626666674,
            "max": 0.004618930665999999,
            "count": 231
        },
        "DMWalker.Policy.Beta.sum": {
            "value": 0.008127079388000003,
            "min": 0.004618930665999999,
            "max": 0.013815767045666668,
            "count": 231
        },
        "DMWalker.IsTraining.mean": {
            "value": 1.0,
            "min": 1.0,
            "max": 1.0,
            "count": 231
        },
        "DMWalker.IsTraining.sum": {
            "value": 1.0,
            "min": 1.0,
            "max": 1.0,
            "count": 231
        }
    },
    "metadata": {
        "timer_format_version": "0.1.0",
        "start_time_seconds": "1764458875",
        "python_version": "3.10.12 | packaged by Anaconda, Inc. | (main, Jul  5 2023, 19:01:18) [MSC v.1916 64 bit (AMD64)]",
        "command_line_arguments": "C:\\Users\\johan\\miniconda3\\envs\\mlagents\\Scripts\\mlagents-learn config/DMWalker.yaml --env=C:/Users/johan/UnityDeepMimic/Builds/UnityDeepMimic.exe --run-id=DMlker1 --no-graphics-monitor --num-envs=4 --width=1920 --height=1080 --quality-level=1 --resume",
        "mlagents_version": "1.2.0.dev0",
        "mlagents_envs_version": "1.2.0.dev0",
        "communication_protocol_version": "1.5.0",
        "pytorch_version": "2.2.2+cu121",
        "numpy_version": "1.23.5",
        "end_time_seconds": "1764465351"
    },
    "total": 6476.235187100014,
    "count": 1,
    "self": 4.158554700086825,
    "children": {
        "run_training.setup": {
            "total": 0.24337759998161346,
            "count": 1,
            "self": 0.24337759998161346
        },
        "TrainerController.start_learning": {
            "total": 6471.833254799945,
            "count": 1,
            "self": 8.815083348425105,
            "children": {
                "TrainerController._reset_env": {
                    "total": 7.985524600022472,
                    "count": 1,
                    "self": 7.985524600022472
                },
                "TrainerController.advance": {
                    "total": 6454.941280551488,
                    "count": 696887,
                    "self": 8.900397837976925,
                    "children": {
                        "env_step": {
                            "total": 3970.912316332804,
                            "count": 696887,
                            "self": 595.9789326818427,
                            "children": {
                                "SubprocessEnvManager._take_step": {
                                    "total": 3367.532875008532,
                                    "count": 1021165,
                                    "self": 40.449790318263695,
                                    "children": {
                                        "TorchPolicy.evaluate": {
                                            "total": 3327.083084690268,
                                            "count": 963210,
                                            "self": 3327.083084690268
                                        }
                                    }
                                },
                                "workers": {
                                    "total": 7.400508642429486,
                                    "count": 696886,
                                    "self": 0.0,
                                    "children": {
                                        "worker_root": {
                                            "total": 25849.33303032245,
                                            "count": 1021161,
                                            "is_parallel": true,
                                            "self": 17675.46746231825,
                                            "children": {
                                                "steps_from_proto": {
                                                    "total": 0.0019184000557288527,