{
    "name": "root",
    "gauges": {
        "DMWalker.Policy.Entropy.mean": {
            "value": 0.828913152217865,
            "min": 0.828913152217865,
            "max": 1.5137348175048828,
            "count": 524
        },
        "DMWalker.Policy.Entropy.sum": {
            "value": 41439.02734375,
            "min": 38177.09375,
            "max": 78188.84375,
            "count": 524
        },
        "DMWalker.Environment.EpisodeLength.mean": {
            "value": 73.97297297297297,
            "min": 73.8188622754491,
            "max": 74.0,
            "count": 524
        },
        "DMWalker.Environment.EpisodeLength.sum": {
            "value": 49266.0,
            "min": 23065.0,
            "max": 49950.0,
            "count": 524
        },
        "DMWalker.Step.mean": {
            "value": 39999978.0,
            "min": 13849940.0,
            "max": 39999978.0,
            "count": 524
        },
        "DMWalker.Step.sum": {
            "value": 39999978.0,
            "min": 13849940.0,
            "max": 39999978.0,
            "count": 524
        },
        "DMWalker.Policy.ExtrinsicValueEstimate.mean": {
            "value": 65.20878601074219,
            "min": 37.145809173583984,
            "max": 65.25772094726562,
            "count": 524
        },
        "DMWalker.Policy.ExtrinsicValueEstimate.sum": {
            "value": 43494.2578125,
            "min": 11218.0341796875,
            "max": 43526.90234375,
            "count": 524
        },
        "DMWalker.Environment.CumulativeReward.mean": {
            "value": 24.265304299487525,
            "min": 14.259440399953071,
            "max": 24.313482872740238,
            "count": 524
        },
        "DMWalker.Environment.CumulativeReward.sum": {
            "value": 16184.957967758179,
            "min": 4306.351000785828,
            "max": 16241.406558990479,
            "count": 524
        },
        "DMWalker.Policy.ExtrinsicReward.mean": {
            "value": 24.265304299487525,
            "min": 14.259440399953071,
            "max": 24.313482872740238,
            "count": 524
        },
        "DMWalker.Policy.ExtrinsicReward.sum": {
            "value": 16184.957967758179,
            "min": 4306.351000785828,
            "max": 16241.406558990479,
            "count": 524
        },
        "DMWalker.Losses.PolicyLoss.mean": {
            "value": 0.019722286458515252,
            "min": 0.012447837431591325,
            "max": 0.021487160707086637,
            "count": 524
        },
        "DMWalker.Losses.PolicyLoss.sum": {
            "value": 0.039444572917030504,
            "min": 0.017190416622906924,
            "max": 0.06194984821777326,
            "count": 524
        },
        "DMWalker.Losses.ValueLoss.mean": {
            "value": 2.0052659412225085,
            "min": 0.008478241010258595,
            "max": 2.7192311993489664,
            "count": 524
        },
        "DMWalker.Losses.ValueLoss.sum": {
            "value": 4.010531882445017,
            "min": 0.01695648202051719,
            "max": 6.059392344454924,
            "count": 524
        },
        "DMWalker.Policy.LearningRate.mean": {
            "value": 1.4538995156999792e-07,
            "min": 1.4538995156999792e-07,
            "max": 0.00019613954712016248,
            "count": 524
        },
        "DMWalker.Policy.LearningRate.sum": {
            "value": 2.9077990313999584e-07,
            "min": 2.9077990313999584e-07,
            "max": 0.0005856249522917176,
            "count": 524
        },
        "DMWalker.Policy.Epsilon.mean": {
            "value": 0.10004843000000004,
            "min": 0.10004843000000004,
            "max": 0.1653798375,
            "count": 524
        },
        "DMWalker.Policy.Epsilon.sum": {
            "value": 0.20009686000000007,
            "min": 0.1653798375,
            "max": 0.49520828250000004,
            "count": 524
        },
        "DMWalker.Policy.Beta.mean": {
            "value": 1.2416656999999964e-05,
            "min": 1.2416656999999964e-05,
            "max": 0.0032724538912500003,
            "count": 524
        },
        "DMWalker.Policy.Beta.sum": {
            "value": 2.483331399999993e-05,
            "min": 2.483331399999993e-05,
            "max": 0.009770893296750004,
            "count": 524
        },
        "DMWalker.IsTraining.mean": {
            "value": 1.0,
            "min": 1.0,
            "max": 1.0,
            "count": 524
        },
        "DMWalker.IsTraining.sum": {
            "value": 1.0,
            "min": 1.0,
            "max": 1.0,
            "count": 524
        }
    },
    "metadata": {
        "timer_format_version": "0.1.0",
        "start_time_seconds": "1764465424",
        "python_version": "3.10.12 | packaged by Anaconda, Inc. | (main, Jul  5 2023, 19:01:18) [MSC v.1916 64 bit (AMD64)]",
        "command_line_arguments": "C:\\Users\\johan\\miniconda3\\envs\\mlagents\\Scripts\\mlagents-learn config/DMWalker.yaml --env=C:/Users/johan/UnityDeepMimic/Builds/UnityDeepMimic.exe --run-id=DMlker1 --no-graphics --num-envs=6 --width=1920 --height=1080 --quality-level=1 --resume",
        "mlagents_version": "1.2.0.dev0",
        "mlagents_envs_version": "1.2.0.dev0",
        "communication_protocol_version": "1.5.0",
        "pytorch_version": "2.2.2+cu121",
        "numpy_version": "1.23.5",
        "end_time_seconds": "1764476456"
    },
    "total": 11031.859143499983,
    "count": 1,
    "self": 0.23088080005254596,
    "children": {
        "run_training.setup": {
            "total": 0.3497423999942839,
            "count": 1,
            "self": 0.3497423999942839
        },
        "TrainerController.start_learning": {
            "total": 11031.278520299937,
            "count": 1,
            "self": 11.106441972893663,
            "children": {
                "TrainerController._reset_env": {
                    "total": 3.570483800023794,
                    "count": 1,
                    "self": 3.570483800023794
                },
                "TrainerController.advance": {
                    "total": 11016.520527527086,
                    "count": 804535,
                    "self": 9.212435922469012,
                    "children": {
                        "env_step": {
                            "total": 6701.218846022035,
                            "count": 804535,
                            "self": 1042.4648107393878,
                            "children": {
                                "SubprocessEnvManager._take_step": {
                                    "total": 5644.966420305427,
                                    "count": 2281608,
                                    "self": 85.90784353029449,
                                    "children": {
                                        "TorchPolicy.evaluate": {
                                            "total": 5559.058576775133,
                                            "count": 2181268,
                                            "self": 5559.058576775133
                                        }
                                    }
                                },
                                "workers": {
                                    "total": 13.787614977220073,
                                    "count": 804535,
                                    "self": 0.0,
                                    "children": {
                                        "worker_root": {
                                            "total": 66133.10023231327,
                                            "count": 2281605,
                                            "is_parallel": true,
                                            "self": 47559.005828182446,