{
    "name": "root",
    "gauges": {
        "DMWalker.Policy.Entropy.mean": {
            "value": 1.4128752946853638,
            "min": 1.4128752946853638,
            "max": 1.418329119682312,
            "count": 15
        },
        "DMWalker.Policy.Entropy.sum": {
            "value": 61397.90625,
            "min": 59149.72265625,
            "max": 92667.953125,
            "count": 15
        },
        "DMWalker.Environment.EpisodeLength.mean": {
            "value": 999.0,
            "min": 999.0,
            "max": 999.0,
            "count": 15
        },
        "DMWalker.Environment.EpisodeLength.sum": {
            "value": 47952.0,
            "min": 47952.0,
            "max": 55944.0,
            "count": 15
        },
        "DMWalker.Step.mean": {
            "value": 749000.0,
            "min": 49000.0,
            "max": 749000.0,
            "count": 15
        },
        "DMWalker.Step.sum": {
            "value": 749000.0,
            "min": 49000.0,
            "max": 749000.0,
            "count": 15
        },
        "DMWalker.Policy.ExtrinsicValueEstimate.mean": {
            "value": -0.003934666980057955,
            "min": -0.07851677387952805,
            "max": -0.003934666980057955,
            "count": 15
        },
        "DMWalker.Policy.ExtrinsicValueEstimate.sum": {
            "value": -0.19673335552215576,
            "min": -3.8473219871520996,
            "max": -0.19673335552215576,
            "count": 15
        },
        "DMWalker.Environment.CumulativeReward.mean": {
            "value": 2.457838200402296e-08,
            "min": 2.457838200402296e-08,
            "max": 6.22150922495995e-06,
            "count": 15
        },
        "DMWalker.Environment.CumulativeReward.sum": {
            "value": 1.228919100201148e-06,
            "min": 1.228919100201148e-06,
            "max": 0.00030485395202303756,
            "count": 15
        },
        "DMWalker.Policy.ExtrinsicReward.mean": {
            "value": 2.457838200402296e-08,
            "min": 2.457838200402296e-08,
            "max": 6.22150922495995e-06,
            "count": 15
        },
        "DMWalker.Policy.ExtrinsicReward.sum": {
            "value": 1.228919100201148e-06,
            "min": 1.228919100201148e-06,
            "max": 0.00030485395202303756,
            "count": 15
        },
        "DMWalker.Losses.PolicyLoss.mean": {
            "value": 0.014367093164296282,
            "min": 0.014367093164296282,
            "max": 0.020653366452527487,
            "count": 15
        },
        "DMWalker.Losses.PolicyLoss.sum": {
            "value": 0.028734186328592565,
            "min": 0.028734186328592565,
            "max": 0.059194265270365795,
            "count": 15
        },
        "DMWalker.Losses.ValueLoss.mean": {
            "value": 4.1590767950489834e-05,
            "min": 4.1590767950489834e-05,
            "max": 0.005944755565988916,
            "count": 15
        },
        "DMWalker.Losses.ValueLoss.sum": {
            "value": 8.318153590097967e-05,
            "min": 8.318153590097967e-05,
            "max": 0.011889511131977832,
            "count": 15
        },
        "DMWalker.Policy.LearningRate.mean": {
            "value": 0.00029268000243999994,
            "min": 0.00029268000243999994,
            "max": 0.00029964000011999993,
            "count": 15
        },
        "DMWalker.Policy.LearningRate.sum": {
            "value": 0.0005853600048799999,
            "min": 0.0005853600048799999,
            "max": 0.00088128000624,
            "count": 15
        },
        "DMWalker.Policy.Epsilon.mean": {
            "value": 0.19756,
            "min": 0.19756,
            "max": 0.19988,
            "count": 15
        },
        "DMWalker.Policy.Epsilon.sum": {
            "value": 0.39512,
            "min": 0.39512,
            "max": 0.5937600000000001,
            "count": 15
        },
        "DMWalker.Policy.Beta.mean": {
            "value": 0.004878244,
            "min": 0.004878244,
            "max": 0.004994012,
            "count": 15
        },
        "DMWalker.Policy.Beta.sum": {
            "value": 0.009756488,
            "min": 0.009756488,
            "max": 0.014688624,
            "count": 15
        },
        "DMWalker.IsTraining.mean": {
            "value": 1.0,
            "min": 1.0,
            "max": 1.0,
            "count": 15
        },
        "DMWalker.IsTraining.sum": {
            "value": 1.0,
            "min": 1.0,
            "max": 1.0,
            "count": 15
        }
    },
    "metadata": {
        "timer_format_version": "0.1.0",
        "start_time_seconds": "1764445802",
        "python_version": "3.10.12 | packaged by Anaconda, Inc. | (main, Jul  5 2023, 19:01:18) [MSC v.1916 64 bit (AMD64)]",
        "command_line_arguments": "C:\\Users\\johan\\miniconda3\\envs\\mlagents\\Scripts\\mlagents-learn config/DMWalker.yaml --env=C:/Users/johan/UnityDeepMimic/Builds/UnityDeepMimic.exe --run-id=DMlker1 --no-graphics-monitor --num-envs=4 --width=1920 --height=1080 --quality-level=1 --force",
        "mlagents_version": "1.2.0.dev0",
        "mlagents_envs_version": "1.2.0.dev0",
        "communication_protocol_version": "1.5.0",
        "pytorch_version": "2.2.2+cu121",
        "numpy_version": "1.23.5",
        "end_time_seconds": "1764446239"
    },
    "total": 436.7734697998967,
    "count": 1,
    "self": 4.204869200009853,
    "children": {
        "run_training.setup": {
            "total": 0.21926119993440807,
            "count": 1,
            "self": 0.21926119993440807
        },
        "TrainerController.start_learning": {
            "total": 432.34933939995244,
            "count": 1,
            "self": 0.5851978027494624,
            "children": {
                "TrainerController._reset_env": {
                    "total": 5.599182700039819,
                    "count": 1,
                    "self": 5.599182700039819
                },
                "TrainerController.advance": {
                    "total": 426.0852374971146,
                    "count": 52060,
                    "self": 0.5691836915211752,
                    "children": {
                        "env_step": {
                            "total": 323.0984641996911,
                            "count": 52060,
                            "self": 38.71111868554726,
                            "children": {
                                "SubprocessEnvManager._take_step": {
                                    "total": 283.7456065254519,
                                    "count": 96677,
                                    "self": 3.4671645142370835,
                                    "children": {
                                        "TorchPolicy.evaluate": {
                                            "total": 280.2784420112148,
                                            "count": 96677,
                                            "self": 280.2784420112148
                                        }
                                    }
                                },
                                "workers": {
                                    "total": 0.6417389886919409,
                                    "count": 52059,
                                    "self": 0.0,
                                    "children": {
                                        "worker_root": {
                                            "total": 1715.6803990947083,
                                            "count": 96674,
                                            "is_parallel": true,
                                            "self": 1204.940170392627,
                                            "children": {
                                                "steps_from_proto": {
                                                    "total": 0.001486899913288653,
                                                    "count": 4,