{
    "name": "root",
    "gauges": {
        "DMWalker.Policy.Entropy.mean": {
            "value": 1.3941047191619873,
            "min": 1.3941047191619873,
            "max": 1.4186233282089233,
            "count": 22
        },
        "DMWalker.Policy.Entropy.sum": {
            "value": 70062.125,
            "min": 69655.0390625,
            "max": 72227.3203125,
            "count": 22
        },
        "DMWalker.Environment.EpisodeLength.mean": {
            "value": 54.91275167785235,
            "min": 27.801381692573404,
            "max": 56.69665513264129,
            "count": 22
        },
        "DMWalker.Environment.EpisodeLength.sum": {
            "value": 49092.0,
            "min": 48291.0,
            "max": 49156.0,
            "count": 22
        },
        "DMWalker.Step.mean": {
            "value": 1099944.0,
            "min": 49999.0,
            "max": 1099944.0,
            "count": 22
        },
        "DMWalker.Step.sum": {
            "value": 1099944.0,
            "min": 49999.0,
            "max": 1099944.0,
            "count": 22
        },
        "DMWalker.Policy.ExtrinsicValueEstimate.mean": {
            "value": -0.1429799199104309,
            "min": -0.4127252697944641,
            "max": -0.14176911115646362,
            "count": 22
        },
        "DMWalker.Policy.ExtrinsicValueEstimate.sum": {
            "value": -127.82404327392578,
            "min": -685.1239624023438,
            "max": -127.82404327392578,
            "count": 22
        },
        "DMWalker.Environment.CumulativeReward.mean": {
            "value": 0.9133168384932832,
            "min": -0.12811168777640514,
            "max": 0.9133168384932832,
            "count": 22
        },
        "DMWalker.Environment.CumulativeReward.sum": {
            "value": 816.5052536129951,
            "min": -222.40188997983932,
            "max": 820.918519705534,
            "count": 22
        },
        "DMWalker.Policy.ExtrinsicReward.mean": {
            "value": 0.9133168384932832,
            "min": -0.12811168777640514,
            "max": 0.9133168384932832,
            "count": 22
        },
        "DMWalker.Policy.ExtrinsicReward.sum": {
            "value": 816.5052536129951,
            "min": -222.40188997983932,
            "max": 820.918519705534,
            "count": 22
        },
        "DMWalker.Losses.PolicyLoss.mean": {
            "value": 0.04870132927481386,
            "min": 0.04473901186522906,
            "max": 0.049857052766937054,
            "count": 22
        },
        "DMWalker.Losses.PolicyLoss.sum": {
            "value": 0.5844159512977664,
            "min": 0.5368681423827487,
            "max": 0.6216057489012503,
            "count": 22
        },
        "DMWalker.Losses.ValueLoss.mean": {
            "value": 0.010424107132874068,
            "min": 0.010344621609773539,
            "max": 0.026685428689233955,
            "count": 22
        },
        "DMWalker.Losses.ValueLoss.sum": {
            "value": 0.1250892855944888,
            "min": 0.12413545931728247,
            "max": 0.32022514427080745,
            "count": 22
        },
        "DMWalker.Policy.LearningRate.mean": {
            "value": 4.8205428450261384e-05,
            "min": 4.8205428450261384e-05,
            "max": 4.9955508700093895e-05,
            "count": 22
        },
        "DMWalker.Policy.LearningRate.sum": {
            "value": 0.0005784651414031366,
            "min": 0.0005784651414031366,
            "max": 0.00064079603340797,
            "count": 22
        },
        "DMWalker.Policy.Epsilon.mean": {
            "value": 0.19641084972222225,
            "min": 0.19641084972222225,
            "max": 0.19991101722222226,
            "count": 22
        },
        "DMWalker.Policy.Epsilon.sum": {
            "value": 2.356930196666667,
            "min": 2.356930196666667,
            "max": 2.58159203,
            "count": 22
        },
        "DMWalker.Policy.Beta.mean": {
            "value": 0.004820901401138889,
            "min": 0.004820901401138889,
            "max": 0.0049955597593888896,
            "count": 22
        },
        "DMWalker.Policy.Beta.sum": {
            "value": 0.057850816813666675,
            "min": 0.057850816813666675,
            "max": 0.064081442297,
            "count": 22
        },
        "DMWalker.IsTraining.mean": {
            "value": 1.0,
            "min": 1.0,
            "max": 1.0,
            "count": 22
        },
        "DMWalker.IsTraining.sum": {
            "value": 1.0,
            "min": 1.0,
            "max": 1.0,
            "count": 22
        }
    },
    "metadata": {
        "timer_format_version": "0.1.0",
        "start_time_seconds": "1764718737",
        "python_version": "3.10.12 | packaged by Anaconda, Inc. | (main, Jul  5 2023, 19:01:18) [MSC v.1916 64 bit (AMD64)]",
        "command_line_arguments": "C:\\Users\\johan\\miniconda3\\envs\\mlagents\\Scripts\\mlagents-learn config/DeepMimicPPO.yaml --env=C:/Users/johan/UnityDeepMimic/Builds/UnityDeepMimic.exe --run-id=WalkFixedHip --no-graphics-monitor --num-envs=4 --width=1920 --height=1080 --quality-level=1 --force",
        "mlagents_version": "1.2.0.dev0",
        "mlagents_envs_version": "1.2.0.dev0",
        "communication_protocol_version": "1.5.0",
        "pytorch_version": "2.2.2+cu121",
        "numpy_version": "1.23.5",
        "end_time_seconds": "1764719359"
    },
    "total": 621.6104847998358,
    "count": 1,
    "self": 0.09923409973271191,
    "children": {
        "run_training.setup": {
            "total": 0.2179507000837475,
            "count": 1,
            "self": 0.2179507000837475
        },
        "TrainerController.start_learning": {
            "total": 621.2933000000194,
            "count": 1,
            "self": 0.6771867712959647,
            "children": {
                "TrainerController._reset_env": {
                    "total": 5.4433976002037525,
                    "count": 1,
                    "self": 5.4433976002037525
                },
                "TrainerController.advance": {
                    "total": 615.0866269285325,
                    "count": 55052,
                    "self": 0.6238049166277051,
                    "children": {
                        "env_step": {
                            "total": 319.97797171236016,
                            "count": 55052,
                            "self": 48.140142750693485,
                            "children": {
                                "SubprocessEnvManager._take_step": {
                                    "total": 271.14886868186295,
                                    "count": 107950,
                                    "self": 3.6304180650040507,
                                    "children": {
                                        "TorchPolicy.evaluate": {
                                            "total": 267.5184506168589,
                                            "count": 94809,
                                            "self": 267.5184506168589
                                        }
                                    }
                                },
                                "workers": {
                                    "total": 0.6889602798037231,
                                    "count": 55052,
                                    "self": 0.0,
                                    "children": {
                                        "worker_root": {
                                            "total": 2468.9602411205415,
                                            "count": 107948,
                                            "is_parallel": true,
                                            "self": 1974.8676660030615,