{
    "name": "root",
    "gauges": {
        "DMWalker.Policy.Entropy.mean": {
            "value": 1.3161077499389648,
            "min": 1.3157713413238525,
            "max": 1.4208929538726807,
            "count": 68
        },
        "DMWalker.Policy.Entropy.sum": {
            "value": 65289.47265625,
            "min": 64534.6171875,
            "max": 72229.4375,
            "count": 68
        },
        "DMWalker.Environment.EpisodeLength.mean": {
            "value": 143.9593023255814,
            "min": 28.245767659077643,
            "max": 144.3081395348837,
            "count": 68
        },
        "DMWalker.Environment.EpisodeLength.sum": {
            "value": 49522.0,
            "min": 48314.0,
            "max": 50622.0,
            "count": 68
        },
        "DMWalker.Step.mean": {
            "value": 3399999.0,
            "min": 49986.0,
            "max": 3399999.0,
            "count": 68
        },
        "DMWalker.Step.sum": {
            "value": 3399999.0,
            "min": 49986.0,
            "max": 3399999.0,
            "count": 68
        },
        "DMWalker.Policy.ExtrinsicValueEstimate.mean": {
            "value": 17.919204711914062,
            "min": 0.7339010238647461,
            "max": 18.010156631469727,
            "count": 68
        },
        "DMWalker.Policy.ExtrinsicValueEstimate.sum": {
            "value": 11898.3515625,
            "min": 1254.970703125,
            "max": 11948.107421875,
            "count": 68
        },
        "DMWalker.Environment.CumulativeReward.mean": {
            "value": 30.07292042285986,
            "min": 5.072094574448658,
            "max": 30.086115408012436,
            "count": 68
        },
        "DMWalker.Environment.CumulativeReward.sum": {
            "value": 10315.011705040932,
            "min": 8673.281722307205,
            "max": 10439.882046580315,
            "count": 68
        },
        "DMWalker.Policy.ExtrinsicReward.mean": {
            "value": 30.07292042285986,
            "min": 5.072094574448658,
            "max": 30.086115408012436,
            "count": 68
        },
        "DMWalker.Policy.ExtrinsicReward.sum": {
            "value": 10315.011705040932,
            "min": 8673.281722307205,
            "max": 10439.882046580315,
            "count": 68
        },
        "DMWalker.Losses.PolicyLoss.mean": {
            "value": 0.011457364811940351,
            "min": 0.011457364811940351,
            "max": 0.020390918222256003,
            "count": 68
        },
        "DMWalker.Losses.PolicyLoss.sum": {
            "value": 0.022914729623880702,
            "min": 0.022914729623880702,
            "max": 0.06117275466676801,
            "count": 68
        },
        "DMWalker.Losses.ValueLoss.mean": {
            "value": 1.4104687477151554,
            "min": 0.5521225068304274,
            "max": 3.390937383969625,
            "count": 68
        },
        "DMWalker.Losses.ValueLoss.sum": {
            "value": 2.820937495430311,
            "min": 1.1961290498574575,
            "max": 9.57499958674113,
            "count": 68
        },
        "DMWalker.Policy.LearningRate.mean": {
            "value": 0.00019867813877396507,
            "min": 0.00019867813877396507,
            "max": 0.000299076885307705,
            "count": 68
        },
        "DMWalker.Policy.LearningRate.sum": {
            "value": 0.00039735627754793014,
            "min": 0.00039735627754793014,
            "max": 0.0008889263736912099,
            "count": 68
        },
        "DMWalker.Policy.Epsilon.mean": {
            "value": 0.16622603499999997,
            "min": 0.16622603499999997,
            "max": 0.19969229499999996,
            "count": 68
        },
        "DMWalker.Policy.Epsilon.sum": {
            "value": 0.33245206999999993,
            "min": 0.33245206999999993,
            "max": 0.5963087900000001,
            "count": 68
        },
        "DMWalker.Policy.Beta.mean": {
            "value": 0.0033146791465000006,
            "min": 0.0033146791465000006,
            "max": 0.004984645520500002,
            "count": 68
        },
        "DMWalker.Policy.Beta.sum": {
            "value": 0.006629358293000001,
            "min": 0.006629358293000001,
            "max": 0.014815808621,
            "count": 68
        },
        "DMWalker.IsTraining.mean": {
            "value": 1.0,
            "min": 1.0,
            "max": 1.0,
            "count": 68
        },
        "DMWalker.IsTraining.sum": {
            "value": 1.0,
            "min": 1.0,
            "max": 1.0,
            "count": 68
        }
    },
    "metadata": {
        "timer_format_version": "0.1.0",
        "start_time_seconds": "1764711675",
        "python_version": "3.10.12 | packaged by Anaconda, Inc. | (main, Jul  5 2023, 19:01:18) [MSC v.1916 64 bit (AMD64)]",
        "command_line_arguments": "C:\\Users\\johan\\miniconda3\\envs\\mlagents\\Scripts\\mlagents-learn config/DMWalker.yaml --env=C:/Users/johan/UnityDeepMimic/Builds/UnityDeepMimic.exe --run-id=WalkFixedHip --no-graphics-monitor --num-envs=4 --width=1920 --height=1080 --quality-level=1",
        "mlagents_version": "1.2.0.dev0",
        "mlagents_envs_version": "1.2.0.dev0",
        "communication_protocol_version": "1.5.0",
        "pytorch_version": "2.2.2+cu121",
        "numpy_version": "1.23.5",
        "end_time_seconds": "1764713190"
    },
    "total": 1514.8325686000753,
    "count": 1,
    "self": 0.14571399986743927,
    "children": {
        "run_training.setup": {
            "total": 0.21845140005461872,
            "count": 1,
            "self": 0.21845140005461872
        },
        "TrainerController.start_learning": {
            "total": 1514.4684032001533,
            "count": 1,
            "self": 1.8665280679706484,
            "children": {
                "TrainerController._reset_env": {
                    "total": 7.5662505000364035,
                    "count": 1,
                    "self": 7.5662505000364035
                },
                "TrainerController.advance": {
                    "total": 1504.9557128322776,
                    "count": 159830,
                    "self": 1.7645607287995517,
                    "children": {
                        "env_step": {
                            "total": 922.0932645630091,
                            "count": 159830,
                            "self": 144.98354160692543,
                            "children": {
                                "SubprocessEnvManager._take_step": {
                                    "total": 774.9595406327862,
                                    "count": 308337,
                                    "self": 10.804517644224688,
                                    "children": {
                                        "TorchPolicy.evaluate": {
                                            "total": 764.1550229885615,
                                            "count": 284249,
                                            "self": 764.1550229885615
                                        }
                                    }
                                },
                                "workers": {
                                    "total": 2.1501823232974857,
                                    "count": 159830,
                                    "self": 0.0,
                                    "children": {
                                        "worker_root": {
                                            "total": 6030.62665431574,
                                            "count": 308335,
                                            "is_parallel": true,
                                            "self": 4590.289463996887,
                                            "children": {
                                                "steps_from_proto": {
                                                    "total": 0.0074529999401420355,