{
    "name": "root",
    "gauges": {
        "DMWalker.Policy.Entropy.mean": {
            "value": -0.9852882027626038,
            "min": -0.9852882027626038,
            "max": -0.9639787077903748,
            "count": 22
        },
        "DMWalker.Policy.Entropy.sum": {
            "value": -49280.17578125,
            "min": -49299.56640625,
            "max": -1179.909912109375,
            "count": 22
        },
        "DMWalker.Step.mean": {
            "value": 4049970.0,
            "min": 2999975.0,
            "max": 4049970.0,
            "count": 22
        },
        "DMWalker.Step.sum": {
            "value": 4049970.0,
            "min": 2999975.0,
            "max": 4049970.0,
            "count": 22
        },
        "DMWalker.Policy.ExtrinsicValueEstimate.mean": {
            "value": 8.778700828552246,
            "min": 5.934256553649902,
            "max": 8.948025703430176,
            "count": 22
        },
        "DMWalker.Policy.ExtrinsicValueEstimate.sum": {
            "value": 14063.478515625,
            "min": 11.868513107299805,
            "max": 14325.7890625,
            "count": 22
        },
        "DMWalker.IsTraining.mean": {
            "value": 1.0,
            "min": 1.0,
            "max": 1.0,
            "count": 22
        },
        "DMWalker.IsTraining.sum": {
            "value": 1.0,
            "min": 1.0,
            "max": 1.0,
            "count": 22
        },
        "DMWalker.Environment.EpisodeLength.mean": {
            "value": 61.39975093399751,
            "min": 60.868226600985224,
            "max": 61.50560398505604,
            "count": 21
        },
        "DMWalker.Environment.EpisodeLength.sum": {
            "value": 49304.0,
            "min": 48614.0,
            "max": 49425.0,
            "count": 21
        },
        "DMWalker.Environment.CumulativeReward.mean": {
            "value": 27.038572219473807,
            "min": 24.432031754551296,
            "max": 27.355262993724455,
            "count": 21
        },
        "DMWalker.Environment.CumulativeReward.sum": {
            "value": 21739.01206445694,
            "min": 19814.3777529411,
            "max": 21911.56565797329,
            "count": 21
        },
        "DMWalker.Policy.ExtrinsicReward.mean": {
            "value": 27.038572219473807,
            "min": 24.432031754551296,
            "max": 27.355262993724455,
            "count": 21
        },
        "DMWalker.Policy.ExtrinsicReward.sum": {
            "value": 21739.01206445694,
            "min": 19814.3777529411,
            "max": 21911.56565797329,
            "count": 21
        },
        "DMWalker.Losses.PolicyLoss.mean": {
            "value": 0.04866803412985771,
            "min": 0.04579680529594219,
            "max": 0.05332680751925207,
            "count": 21
        },
        "DMWalker.Losses.PolicyLoss.sum": {
            "value": 0.5840164095582925,
            "min": 0.5495616635513063,
            "max": 0.6399216902310249,
            "count": 21
        },
        "DMWalker.Losses.ValueLoss.mean": {
            "value": 0.05782302881400231,
            "min": 0.02119415786890184,
            "max": 0.09741408525991979,
            "count": 21
        },
        "DMWalker.Losses.ValueLoss.sum": {
            "value": 0.6938763457680277,
            "min": 0.2543298944268221,
            "max": 1.1689690231190375,
            "count": 21
        },
        "DMWalker.Policy.LearningRate.mean": {
            "value": 5e-05,
            "min": 5e-05,
            "max": 5.000000000000001e-05,
            "count": 21
        },
        "DMWalker.Policy.LearningRate.sum": {
            "value": 0.0006000000000000001,
            "min": 0.0006000000000000001,
            "max": 0.0006500000000000001,
            "count": 21
        },
        "DMWalker.Policy.Epsilon.mean": {
            "value": 0.19999999999999998,
            "min": 0.19999999999999998,
            "max": 0.2,
            "count": 21
        },
        "DMWalker.Policy.Epsilon.sum": {
            "value": 2.4,
            "min": 2.4,
            "max": 2.6,
            "count": 21
        },
        "DMWalker.Policy.Beta.mean": {
            "value": 0.004999999999999999,
            "min": 0.004999999999999999,
            "max": 0.004999999999999999,
            "count": 21
        },
        "DMWalker.Policy.Beta.sum": {
            "value": 0.05999999999999999,
            "min": 0.05999999999999999,
            "max": 0.06499999999999999,
            "count": 21
        }
    },
    "metadata": {
        "timer_format_version": "0.1.0",
        "start_time_seconds": "1764977243",
        "python_version": "3.10.12 | packaged by Anaconda, Inc. | (main, Jul  5 2023, 19:01:18) [MSC v.1916 64 bit (AMD64)]",
        "command_line_arguments": "C:\\Users\\johan\\miniconda3\\envs\\mlagents\\Scripts\\mlagents-learn config/DeepMimicPPO.yaml --env=C:/Users/johan/UnityDeepMimic/Builds/UnityDeepMimic.exe --run-id=Walk3 --no-graphics-monitor --num-envs=4 --width=1920 --height=1080 --quality-level=1 --resume",
        "mlagents_version": "1.2.0.dev0",
        "mlagents_envs_version": "1.2.0.dev0",
        "communication_protocol_version": "1.5.0",
        "pytorch_version": "2.2.2+cu121",
        "numpy_version": "1.23.5",
        "end_time_seconds": "1764977828"
    },
    "total": 585.0458612001967,
    "count": 1,
    "self": 0.11448340024799109,
    "children": {
        "run_training.setup": {
            "total": 0.22822779999114573,
            "count": 1,
            "self": 0.22822779999114573
        },
        "TrainerController.start_learning": {
            "total": 584.7031499999575,
            "count": 1,
            "self": 0.6042305794544518,
            "children": {
                "TrainerController._reset_env": {
                    "total": 5.545869699912146,
                    "count": 1,
                    "self": 5.545869699912146
                },
                "TrainerController.advance": {
                    "total": 578.4585965205915,
                    "count": 51533,
                    "self": 0.5672831847332418,
                    "children": {
                        "env_step": {
                            "total": 283.30958340503275,
                            "count": 51533,
                            "self": 45.411445782054216,
                            "children": {
                                "SubprocessEnvManager._take_step": {
                                    "total": 237.21773293265142,
                                    "count": 96940,
                                    "self": 3.3454015583265573,
                                    "children": {
                                        "TorchPolicy.evaluate": {
                                            "total": 233.87233137432486,
                                            "count": 89602,
                                            "self": 233.87233137432486
                                        }
                                    }
                                },
                                "workers": {
                                    "total": 0.6804046903271228,
                                    "count": 51533,
                                    "self": 0.0,
                                    "children": {
                                        "worker_root": {
                                            "total": 2322.9545083283447,
                                            "count": 96938,
                                            "is_parallel": true,
                                            "self": 1826.9259940825868,
                                            "children": {
                                                "steps_from_proto": {
                                                    "total": 0.0018513998948037624,
                                                    "count": 4,