{
    "name": "root",
    "metadata": {
        "timer_format_version": "0.1.0",
        "start_time_seconds": "1764975474",
        "python_version": "3.10.12 | packaged by Anaconda, Inc. | (main, Jul  5 2023, 19:01:18) [MSC v.1916 64 bit (AMD64)]",
        "command_line_arguments": "C:\\Users\\johan\\miniconda3\\envs\\mlagents\\Scripts\\mlagents-learn config/DeepMimicPPO.yaml --env=C:/Users/johan/UnityDeepMimic/Builds/UnityDeepMimic.exe --run-id=Walk3 --no-graphics-monitor --num-envs=4 --width=1920 --height=1080 --quality-level=1 --resume",
        "mlagents_version": "1.2.0.dev0",
        "mlagents_envs_version": "1.2.0.dev0",
        "communication_protocol_version": "1.5.0",
        "pytorch_version": "2.2.2+cu121",
        "numpy_version": "1.23.5",
        "end_time_seconds": "1764975491"
    },
    "total": 17.38582059997134,
    "count": 1,
    "self": 0.06511219986714423,
    "children": {
        "run_training.setup": {
            "total": 0.2309898000676185,
            "count": 1,
            "self": 0.2309898000676185
        },
        "TrainerController.start_learning": {
            "total": 17.089718600036576,
            "count": 1,
            "self": 0.014760301448404789,
            "children": {
                "TrainerController._reset_env": {
                    "total": 5.610571699915454,
                    "count": 1,
                    "self": 5.610571699915454
                },
                "TrainerController.advance": {
                    "total": 11.325896598631516,
                    "count": 1212,
                    "self": 0.014004999538883567,
                    "children": {
                        "env_step": {
                            "total": 5.560610295739025,
                            "count": 1212,
                            "self": 0.9832270867191255,
                            "children": {
                                "SubprocessEnvManager._take_step": {
                                    "total": 4.56345080723986,
                                    "count": 1982,
                                    "self": 0.06902030273340642,
                                    "children": {
                                        "TorchPolicy.evaluate": {
                                            "total": 4.494430504506454,
                                            "count": 1805,
                                            "self": 4.494430504506454
                                        }
                                    }
                                },
                                "workers": {
                                    "total": 0.013932401780039072,
                                    "count": 1211,
                                    "self": 0.0,
                                    "children": {
                                        "worker_root": {
                                            "total": 56.35897380299866,
                                            "count": 1980,
                                            "is_parallel": true,
                                            "self": 44.64538800343871,
                                            "children": {
                                                "steps_from_proto": {
                                                    "total": 0.0023852000012993813,
                                                    "count": 4,
                                                    "is_parallel": true,
                                                    "self": 0.0006694002076983452,
                                                    "children": {
                                                        "_process_rank_one_or_two_observation": {
                                                            "total": 0.001715799793601036,
                                                            "count": 8,
                                                            "is_parallel": true,
                                                            "self": 0.001715799793601036
                                                        }
                                                    }
                                                },
                                                "UnityEnvironment.step": {
                                                    "total": 11.711200599558651,
                                                    "count": 1980,
                                                    "is_parallel": true,
                                                    "self": 0.22778220591135323,
                                                    "children": {
                                                        "UnityEnvironment._generate_step_input": {
                                                            "total": 0.41839130176231265,
                                                            "count": 1980,
                                                            "is_parallel": true,
                                                            "self": 0.41839130176231265
                                                        },
                                                        "communicator.exchange": {
                                                            "total": 10.364419493591413,
                                                            "count": 1980,
                                                            "is_parallel": true,
                                                            "self": 10.364419493591413
                                                        },
                                                        "steps_from_proto": {
                                                            "total": 0.7006075982935727,
                                                            "count": 1980,
                                                            "is_parallel": true,
                                                            "self": 0.22204710240475833,
                                                            "children": {
                                                                "_process_rank_one_or_two_observation": {
                                                                    "total": 0.47856049588881433,
                                                                    "count": 3960,
                                                                    "is_parallel": true,
                                                                    "self": 0.47856049588881433
                                                                }
                                                            }
                                                        }
                                                    }
                                                }
                                            }
                                        }
                                    }
                                }
                            }
                        },
                        "trainer_advance": {
                            "total": 5.751281303353608,
                            "count": 1211,
                            "self": 0.017762308474630117,
                            "children": {
                                "process_trajectory": {
                                    "total": 2.121918794931844,
                                    "count": 1211,
                                    "self": 2.121918794931844
                                },
                                "_update_policy": {
                                    "total": 3.6116001999471337,
                                    "count": 5,
                                    "self": 1.4973359005525708,