{"count":1,"self":42.779247999999995,"total":188.16665179999998,"children":{"InitializeActuators":{"count":8,"self":0.0015017,"total":0.0015017,"children":null},"InitializeSensors":{"count":8,"self":0.0015216,"total":0.0015216,"children":null},"AgentSendState":{"count":30661,"self":0.1787025,"total":3.7661086,"children":{"CollectObservations":{"count":122648,"self":2.601835,"total":2.601835,"children":null},"WriteActionMask":{"count":122648,"self":0.047923799999999996,"total":0.047923799999999996,"children":null},"RequestDecision":{"count":122648,"self":0.1280967,"total":0.9376473,"children":{"AgentInfo.ToProto":{"count":122648,"self":0.10677199999999999,"total":0.8095506,"children":{"GenerateSensorData":{"count":122648,"self":0.70277859999999992,"total":0.70277859999999992,"children":null}}}}}}},"DecideAction":{"count":30661,"self":121.76812799999999,"total":121.7681265,"children":null},"AgentAct":{"count":30661,"self":19.8060336,"total":19.806033499999998,"children":null},"AgentInfo.ToProto":{"count":4021,"self":0.0065597999999999993,"total":0.0441117,"children":{"GenerateSensorData":{"count":4021,"self":0.0375519,"total":0.0375519,"children":null}}}},"gauges":{"DMWalker.CumulativeReward":{"count":4021,"max":37.9019241,"min":0.307071358,"runningAverage":8.931205,"value":13.2481508,"weightedAverage":10.023056}},"metadata":{"timer_format_version":"0.1.0","start_time_seconds":"1764448077","unity_version":"6000.0.62f1","command_line_arguments":"C:\\Program Files\\Unity\\Hub\\Editor\\6000.0.62f1\\Editor\\Unity.exe -projectpath C:\\Users\\johan\\UnityDeepMimic -acceptSoftwareTermsForThisRunOnly -useHub -hubIPC -cloudEnvironment production","communication_protocol_version":"1.5.0","com.unity.ml-agents_version":"4.0.0","scene_name":"UnityDeepMimic","end_time_seconds":"1764448265"}}