{
    "name": "root",
    "gauges": {
        "DMWalker.Policy.Entropy.mean": {
            "value": 1.456712245941162,
            "min": 1.3249980211257935,
            "max": 1.456712245941162,
            "count": 117
        },
        "DMWalker.Policy.Entropy.sum": {
            "value": 73138.609375,
            "min": 45721.73046875,
            "max": 73138.609375,
            "count": 117
        },
        "DMWalker.Environment.EpisodeLength.mean": {
            "value": 272.1803278688525,
            "min": 21.1015406162465,
            "max": 283.0508474576271,
            "count": 117
        },
        "DMWalker.Environment.EpisodeLength.sum": {
            "value": 49809.0,
            "min": 30133.0,
            "max": 51871.0,
            "count": 117
        },
        "DMWalker.Step.mean": {
            "value": 7199973.0,
            "min": 1399983.0,
            "max": 7199973.0,
            "count": 117
        },
        "DMWalker.Step.sum": {
            "value": 7199973.0,
            "min": 1399983.0,
            "max": 7199973.0,
            "count": 117
        },
        "DMWalker.Policy.ExtrinsicValueEstimate.mean": {
            "value": 9.1693696975708,
            "min": 1.5201588869094849,
            "max": 9.282123565673828,
            "count": 117
        },
        "DMWalker.Policy.ExtrinsicValueEstimate.sum": {
            "value": 4648.87060546875,
            "min": 1771.912841796875,
            "max": 9000.83984375,
            "count": 117
        },
        "DMWalker.Environment.CumulativeReward.mean": {
            "value": 27.144955605919897,
            "min": 1.1216434387786454,
            "max": 28.237573241984304,
            "count": 117
        },
        "DMWalker.Environment.CumulativeReward.sum": {
            "value": 4967.526875883341,
            "min": 1600.585187137127,
            "max": 5149.325936794281,
            "count": 117
        },
        "DMWalker.Policy.ExtrinsicReward.mean": {
            "value": 27.144955605919897,
            "min": 1.1216434387786454,
            "max": 28.237573241984304,
            "count": 117
        },
        "DMWalker.Policy.ExtrinsicReward.sum": {
            "value": 4967.526875883341,
            "min": 1600.585187137127,
            "max": 5149.325936794281,
            "count": 117
        },
        "DMWalker.Losses.PolicyLoss.mean": {
            "value": 0.016399796450665843,
            "min": 0.012293901420950229,
            "max": 0.02102633809748416,
            "count": 117
        },
        "DMWalker.Losses.PolicyLoss.sum": {
            "value": 0.032799592901331685,
            "min": 0.01870162533596158,
            "max": 0.0627786699255618,
            "count": 117
        },
        "DMWalker.Losses.ValueLoss.mean": {
            "value": 0.44110425611337023,
            "min": 0.30841217115521435,
            "max": 7.517554251352946,
            "count": 117
        },
        "DMWalker.Losses.ValueLoss.sum": {
            "value": 0.8822085122267405,
            "min": 0.6168243423104287,
            "max": 7.517554251352946,
            "count": 117
        },
        "DMWalker.Policy.LearningRate.mean": {
            "value": 0.00022826068891311166,
            "min": 0.00022826068891311166,
            "max": 0.00028611035462988336,
            "count": 117
        },
        "DMWalker.Policy.LearningRate.sum": {
            "value": 0.0004565213778262233,
            "min": 0.00028611035462988336,
            "max": 0.0008558667147110998,
            "count": 117
        },
        "DMWalker.Policy.Epsilon.mean": {
            "value": 0.17608688833333336,
            "min": 0.17608688833333336,
            "max": 0.19537011666666673,
            "count": 117
        },
        "DMWalker.Policy.Epsilon.sum": {
            "value": 0.3521737766666667,
            "min": 0.19537011666666673,
            "max": 0.5852889000000002,
            "count": 117
        },
        "DMWalker.Policy.Beta.mean": {
            "value": 0.003806735727833334,
            "min": 0.003806735727833334,
            "max": 0.004768968821666666,
            "count": 117
        },
        "DMWalker.Policy.Beta.sum": {
            "value": 0.007613471455666668,
            "min": 0.004768968821666666,
            "max": 0.01426591611,
            "count": 117
        },
        "DMWalker.IsTraining.mean": {
            "value": 1.0,
            "min": 1.0,
            "max": 1.0,
            "count": 117
        },
        "DMWalker.IsTraining.sum": {
            "value": 1.0,
            "min": 1.0,
            "max": 1.0,
            "count": 117
        }
    },
    "metadata": {
        "timer_format_version": "0.1.0",
        "start_time_seconds": "1764623770",
        "python_version": "3.10.12 | packaged by Anaconda, Inc. | (main, Jul  5 2023, 19:01:18) [MSC v.1916 64 bit (AMD64)]",
        "command_line_arguments": "C:\\Users\\johan\\miniconda3\\envs\\mlagents\\Scripts\\mlagents-learn config/DMWalker.yaml --env=C:/Users/johan/UnityDeepMimic/Builds/UnityDeepMimic.exe --run-id=DMWalkerSlowWalk --no-graphics-monitor --num-envs=4 --width=1920 --height=1080 --quality-level=1 --resume",
        "mlagents_version": "1.2.0.dev0",
        "mlagents_envs_version": "1.2.0.dev0",
        "communication_protocol_version": "1.5.0",
        "pytorch_version": "2.2.2+cu121",
        "numpy_version": "1.23.5",
        "end_time_seconds": "1764626775"
    },
    "total": 3004.8936964999884,
    "count": 1,
    "self": 0.1501098999287933,
    "children": {
        "run_training.setup": {
            "total": 0.263647299958393,
            "count": 1,
            "self": 0.263647299958393
        },
        "TrainerController.start_learning": {
            "total": 3004.4799393001013,
            "count": 1,
            "self": 3.1117347981780767,
            "children": {
                "TrainerController._reset_env": {
                    "total": 6.25697400001809,
                    "count": 1,
                    "self": 6.25697400001809
                },
                "TrainerController.advance": {
                    "total": 2994.9976489020046,
                    "count": 217123,
                    "self": 2.860298397485167,
                    "children": {
                        "env_step": {
                            "total": 1894.386371172499,
                            "count": 217123,
                            "self": 256.7472097175196,
                            "children": {
                                "SubprocessEnvManager._take_step": {
                                    "total": 1634.7056626987178,
                                    "count": 489365,
                                    "self": 20.560790344141424,
                                    "children": {
                                        "TorchPolicy.evaluate": {
                                            "total": 1614.1448723545764,
                                            "count": 489365,
                                            "self": 1614.1448723545764
                                        }
                                    }
                                },
                                "workers": {
                                    "total": 2.9334987562615424,
                                    "count": 217123,
                                    "self": 0.0,
                                    "children": {
                                        "worker_root": {
                                            "total": 11995.591474566609,
                                            "count": 489363,
                                            "is_parallel": true,
                                            "self": 10326.099590355763,