{
    "name": "root",
    "gauges": {
        "DMWalker.Policy.Entropy.mean": {
            "value": 2.993344783782959,
            "min": 2.993344783782959,
            "max": 2.9936769008636475,
            "count": 2
        },
        "DMWalker.Policy.Entropy.sum": {
            "value": 150505.375,
            "min": 19470.875,
            "max": 150505.375,
            "count": 2
        },
        "DMWalker.Step.mean": {
            "value": 21149962.0,
            "min": 21099956.0,
            "max": 21149962.0,
            "count": 2
        },
        "DMWalker.Step.sum": {
            "value": 21149962.0,
            "min": 21099956.0,
            "max": 21149962.0,
            "count": 2
        },
        "DMWalker.Policy.ExtrinsicValueEstimate.mean": {
            "value": 72.7900161743164,
            "min": 72.76386260986328,
            "max": 72.7900161743164,
            "count": 2
        },
        "DMWalker.Policy.ExtrinsicValueEstimate.sum": {
            "value": 98048.15625,
            "min": 8804.427734375,
            "max": 98048.15625,
            "count": 2
        },
        "DMWalker.Environment.EpisodeLength.mean": {
            "value": 73.8859649122807,
            "min": 73.8859649122807,
            "max": 74.0,
            "count": 2
        },
        "DMWalker.Environment.EpisodeLength.sum": {
            "value": 50538.0,
            "min": 3552.0,
            "max": 50538.0,
            "count": 2
        },
        "DMWalker.Environment.CumulativeReward.mean": {
            "value": 54.56958548925076,
            "min": 54.495117058356605,
            "max": 54.56958548925076,
            "count": 2
        },
        "DMWalker.Environment.CumulativeReward.sum": {
            "value": 37325.59647464752,
            "min": 2615.765618801117,
            "max": 37325.59647464752,
            "count": 2
        },
        "DMWalker.Policy.ExtrinsicReward.mean": {
            "value": 54.56958548925076,
            "min": 54.495117058356605,
            "max": 54.56958548925076,
            "count": 2
        },
        "DMWalker.Policy.ExtrinsicReward.sum": {
            "value": 37325.59647464752,
            "min": 2615.765618801117,
            "max": 37325.59647464752,
            "count": 2
        },
        "DMWalker.IsTraining.mean": {
            "value": 1.0,
            "min": 1.0,
            "max": 1.0,
            "count": 2
        },
        "DMWalker.IsTraining.sum": {
            "value": 1.0,
            "min": 1.0,
            "max": 1.0,
            "count": 2
        },
        "DMWalker.Losses.PolicyLoss.mean": {
            "value": 0.022380417641519063,
            "min": 0.022380417641519063,
            "max": 0.022380417641519063,
            "count": 1
        },
        "DMWalker.Losses.PolicyLoss.sum": {
            "value": 0.1342825058491144,
            "min": 0.1342825058491144,
            "max": 0.1342825058491144,
            "count": 1
        },
        "DMWalker.Losses.ValueLoss.mean": {
            "value": 1.5864233831849157,
            "min": 1.5864233831849157,
            "max": 1.5864233831849157,
            "count": 1
        },
        "DMWalker.Losses.ValueLoss.sum": {
            "value": 9.518540299109494,
            "min": 9.518540299109494,
            "max": 9.518540299109494,
            "count": 1
        },
        "DMWalker.Policy.LearningRate.mean": {
            "value": 8.875547041486666e-05,
            "min": 8.875547041486666e-05,
            "max": 8.875547041486666e-05,
            "count": 1
        },
        "DMWalker.Policy.LearningRate.sum": {
            "value": 0.0005325328224892,
            "min": 0.0005325328224892,
            "max": 0.0005325328224892,
            "count": 1
        },
        "DMWalker.Policy.Epsilon.mean": {
            "value": 0.12958513333333335,
            "min": 0.12958513333333335,
            "max": 0.12958513333333335,
            "count": 1
        },
        "DMWalker.Policy.Epsilon.sum": {
            "value": 0.7775108000000001,
            "min": 0.7775108000000001,
            "max": 0.7775108000000001,
            "count": 1
        },
        "DMWalker.Policy.Beta.mean": {
            "value": 0.0029655548200000006,
            "min": 0.0029655548200000006,
            "max": 0.0029655548200000006,
            "count": 1
        },
        "DMWalker.Policy.Beta.sum": {
            "value": 0.017793328920000004,
            "min": 0.017793328920000004,
            "max": 0.017793328920000004,
            "count": 1
        }
    },
    "metadata": {
        "timer_format_version": "0.1.0",
        "start_time_seconds": "1764555883",
        "python_version": "3.10.12 | packaged by Anaconda, Inc. | (main, Jul  5 2023, 19:01:18) [MSC v.1916 64 bit (AMD64)]",
        "command_line_arguments": "C:\\Users\\johan\\miniconda3\\envs\\mlagents\\Scripts\\mlagents-learn config/DMWalker.yaml --env=C:/Users/johan/UnityDeepMimic/Builds/UnityDeepMimic.exe --run-id=DMWalkerSlowWalk --no-graphics-monitor --num-envs=4 --width=1920 --height=1080 --quality-level=1 --resume",
        "mlagents_version": "1.2.0.dev0",
        "mlagents_envs_version": "1.2.0.dev0",
        "communication_protocol_version": "1.5.0",
        "pytorch_version": "2.2.2+cu121",
        "numpy_version": "1.23.5",
        "end_time_seconds": "1764555932"
    },
    "total": 49.451495399931446,
    "count": 1,
    "self": 0.09314469969831407,
    "children": {
        "run_training.setup": {
            "total": 0.293783700093627,
            "count": 1,
            "self": 0.293783700093627
        },
        "TrainerController.start_learning": {
            "total": 49.064567000139505,
            "count": 1,
            "self": 0.06043119542300701,
            "children": {
                "TrainerController._reset_env": {
                    "total": 8.968874500133097,
                    "count": 1,
                    "self": 8.968874500133097
                },
                "TrainerController.advance": {
                    "total": 39.86247410462238,
                    "count": 4268,
                    "self": 0.06329459673725069,
                    "children": {
                        "env_step": {
                            "total": 24.053933307761326,
                            "count": 4268,
                            "self": 3.880022221012041,
                            "children": {
                                "SubprocessEnvManager._take_step": {
                                    "total": 20.131082494976,
                                    "count": 5061,
                                    "self": 0.23658388433977962,
                                    "children": {
                                        "TorchPolicy.evaluate": {
                                            "total": 19.89449861063622,
                                            "count": 5046,
                                            "self": 19.89449861063622
                                        }
                                    }
                                },
                                "workers": {
                                    "total": 0.04282859177328646,
                                    "count": 4268,
                                    "self": 0.0,
                                    "children": {
                                        "worker_root": {
                                            "total": 167.72463859291747,
                                            "count": 5058,
                                            "is_parallel": true,
                                            "self": 114.446151497541,
                                            "children": {
                                                "steps_from_proto": {
                                                    "total": 0.002413199981674552,
                                                    "count": 4,